blm,bsd,glm,gsd,type
-2.51405,1.31437,-5.3441,0.874367,Head and Neck
-1.79009,0.655826,-1.98498,0.477869,Esophageal
-1.84878,0.91377,-7.00215,1.54467,Colorectal
-1.21294,0.194515,-5.46545,0.578148,Rectal
-2.49839,0.888437,-6.30794,0.998794,Breast
-1.39956,0.162913,-6.78071,1.06405,Cervix
-2.07355,0.447807,-5.04616,0.410637,Skin (Melanoma)
-2.59514,0.991364,-4.85863,0.246221,Lung (Small-Cell)
-3.31508,1.04925,-5.4622,1.83844,Diffuse Large B-Cell